"theta_1","theta_2","theta_3"
-0.0737113618849501,0.0209070523971275,0.0211313834724648
