"theta_1","theta_2","theta_3"
0.00123503508759729,0,0.00526099612598674
