"theta_1","theta_2","theta_3"
0.0182495577901911,-0.0399411398474613,0.0107472726636164
