"theta_1","theta_2","theta_3"
0.0217940194822953,0.0327802840986002,0.103039086365632
